<?xml version="1.0" encoding="UTF-8"?>
<project-private xmlns="http://www.netbeans.org/ns/project-private/1">
    <editor-bookmarks xmlns="http://www.netbeans.org/ns/editor-bookmarks/2" lastBookmarkId="0"/>
    <open-files xmlns="http://www.netbeans.org/ns/projectui-open-files/2">
        <group>
            <file>file:/C:/Users/ketro/OneDrive/Escritorio/Curso%202020/Programación/Github_Programacion/programacion-2020-2021/Projectos/Projecto/src/projecto/Projecto.java</file>
            <file>file:/C:/Users/ketro/OneDrive/Escritorio/Curso%202020/Programación/Github_Programacion/programacion-2020-2021/Projectos/Projecto/src/Modelo_BBDD/Equipo.java</file>
            <file>file:/C:/Users/ketro/OneDrive/Escritorio/Curso%202020/Programación/Github_Programacion/programacion-2020-2021/Projectos/Projecto/src/Modelo_BBDD/Administrador.java</file>
            <file>file:/C:/Users/ketro/OneDrive/Escritorio/Curso%202020/Programación/Github_Programacion/programacion-2020-2021/Projectos/Projecto/src/Views/Principal.java</file>
            <file>file:/C:/Users/ketro/OneDrive/Escritorio/Curso%202020/Programación/Github_Programacion/programacion-2020-2021/Projectos/Projecto/src/Modelo_BBDD/Usuario.java</file>
            <file>file:/C:/Users/ketro/OneDrive/Escritorio/Curso%202020/Programación/Github_Programacion/programacion-2020-2021/Projectos/Projecto/src/Modelo_BBDD/Jornada.java</file>
            <file>file:/C:/Users/ketro/OneDrive/Escritorio/Curso%202020/Programación/Github_Programacion/programacion-2020-2021/Projectos/Projecto/src/Modelo_BBDD/Jugador.java</file>
            <file>file:/C:/Users/ketro/OneDrive/Escritorio/Curso%202020/Programación/Github_Programacion/programacion-2020-2021/Projectos/Projecto/src/Modelo_BBDD/Asistente.java</file>
            <file>file:/C:/Users/ketro/OneDrive/Escritorio/Curso%202020/Programación/Github_Programacion/programacion-2020-2021/Projectos/Projecto/src/Modelo_BBDD/BaseDatos.java</file>
            <file>file:/C:/Users/ketro/OneDrive/Escritorio/Curso%202020/Programación/Github_Programacion/programacion-2020-2021/Projectos/Projecto/src/Modelo_UML/Usuario.java</file>
            <file>file:/C:/Users/ketro/OneDrive/Escritorio/Curso%202020/Programación/Github_Programacion/programacion-2020-2021/Projectos/Projecto/src/Modelo_UML/Jornada.java</file>
            <file>file:/C:/Users/ketro/OneDrive/Escritorio/Curso%202020/Programación/Github_Programacion/programacion-2020-2021/Projectos/Projecto/src/Modelo_UML/Administrador.java</file>
            <file>file:/C:/Users/ketro/OneDrive/Escritorio/Curso%202020/Programación/Github_Programacion/programacion-2020-2021/Projectos/Projecto/src/Modelo_BBDD/Entrenador.java</file>
            <file>file:/C:/Users/ketro/OneDrive/Escritorio/Curso%202020/Programación/Github_Programacion/programacion-2020-2021/Projectos/Projecto/src/Modelo_BBDD/Partido.java</file>
            <file>file:/C:/Users/ketro/OneDrive/Escritorio/Curso%202020/Programación/Github_Programacion/programacion-2020-2021/Projectos/Projecto/src/Modelo_UML/Partido.java</file>
            <file>file:/C:/Users/ketro/OneDrive/Escritorio/Curso%202020/Programación/Github_Programacion/programacion-2020-2021/Projectos/Projecto/src/Modelo_UML/Perfil.java</file>
            <file>file:/C:/Users/ketro/OneDrive/Escritorio/Curso%202020/Programación/Github_Programacion/programacion-2020-2021/Projectos/Projecto/src/Modelo_BBDD/Dueno.java</file>
        </group>
    </open-files>
</project-private>
